INSERT INTO Teams (team_id, team_name, skill_level) VALUES (1, 'goats', 'advanced');
INSERT INTO Teams (team_id, team_name, skill_level) VALUES (2, 'titanes', 'advanced');
INSERT INTO Teams (team_id, team_name, skill_level) VALUES (3, 'machines', 'beginner');
INSERT INTO Teams (team_id, team_name, skill_level) VALUES (4, 'mediums', 'intermediate');
INSERT INTO Teams (team_id, team_name, skill_level) VALUES (5, 'centrals', 'intermediate');
INSERT INTO users (user_id, first_name, last_name, age, email_address, password, date_of_birth, role) VALUES (1, 'Felipe', 'Quiroga', 19, 'felipe.quiroga@torontomu.ca', 'XXXXXXX', TO_DATE('2003-06-17', 'YYYY-MM-DD'), 'player');
INSERT INTO users (user_id, first_name, last_name, age, email_address, password, date_of_birth, role) VALUES (2, 'Andre', 'Arcaina', 21, 'andre.arcaina@torontomu.ca', 'XXXXXXX', TO_DATE('2004-08-16', 'YYYY-MM-DD'), 'player');
INSERT INTO users (user_id, first_name, last_name, age, email_address, password, date_of_birth, role) VALUES (3, 'Brandon', 'Liyanage', 20, 'brandon.liyanage@torontomu.ca', 'XXXXXXX', TO_DATE('2004-12-31', 'YYYY-MM-DD'), 'player');
INSERT INTO users (user_id, first_name, last_name, age, email_address, password, date_of_birth, role) VALUES (4, 'Jack', 'Heintz', 23, 'heintztheketchupman@gmail.com', 'XXXXXXX', TO_DATE('2004-11-11', 'YYYY-MM-DD'), 'player');
INSERT INTO users (user_id, first_name, last_name, age, email_address, password, date_of_birth, role) VALUES (5, 'Joseph', 'Leung', 36, 'joel@outlook.ca', 'XXXXXXX', TO_DATE('2004-09-18', 'YYYY-MM-DD'), 'referee');
INSERT INTO users (user_id, first_name, last_name, age, email_address, password, date_of_birth, role) VALUES (6, 'Tristan', 'Cheng', 34, 'tcheng@gmail.ca', 'XXXXXXX', TO_DATE('1987-10-16', 'YYYY-MM-DD'), 'referee');
INSERT INTO players (player_id, team_id, position, skill_level) VALUES (1, 1, 'forward', 'advanced');
INSERT INTO players (player_id, team_id, position, skill_level) VALUES (2, 2, 'forward', 'advanced');
INSERT INTO players (player_id, team_id, position, skill_level) VALUES (3, 3, 'goalkeeper', 'beginner');
INSERT INTO players (player_id, team_id, position, skill_level) VALUES (4, 4, 'left mid-field', 'intermediate');
INSERT INTO referees (referee_id, experience_level) VALUES (5, 'advanced');
INSERT INTO referees (referee_id, experience_level) VALUES (6, 'beginner');
INSERT INTO House_League (match_id, match_date, skill_level, ht_id, at_id, ht_score, at_score) VALUES (1, TO_DATE('2024-09-15', 'YYYY-MM-DD'), 'advanced', 1, 2, 3, 1);
INSERT INTO House_League (match_id, match_date, skill_level, ht_id, at_id, ht_score, at_score) VALUES (2, TO_DATE('2024-09-01', 'YYYY-MM-DD'), 'advanced', 2, 1, 2, 2);
INSERT INTO House_League (match_id, match_date, skill_level, ht_id, at_id, ht_score, at_score) VALUES (3, TO_DATE('2024-10-04', 'YYYY-MM-DD'), 'intermediate', 4, 5, NULL, NULL);
INSERT INTO Match_Stats (match_id, player_id, goals, assists, minutes_played, yellow_cards, red_cards, attempted_goals) VALUES (1, 1, 2, 1, 67, 1, 0, 5);
INSERT INTO Match_Stats (match_id, player_id, goals, assists, minutes_played, yellow_cards, red_cards, attempted_goals) VALUES (1, 2, 1, 0, 90, 0, 0, 3);
INSERT INTO Match_Stats (match_id, player_id, goals, assists, minutes_played, yellow_cards, red_cards, attempted_goals) VALUES (2, 1, 3, 1, 78, 0, 0, 6);
INSERT INTO Match_Stats (match_id, player_id, goals, assists, minutes_played, yellow_cards, red_cards, attempted_goals) VALUES (2, 2, 2, 0, 90, 1, 0, 4);
INSERT INTO Match_Referee (match_id, referee_id) VALUES (1, 5);
INSERT INTO Match_Referee (match_id, referee_id) VALUES (2, 6);